/home/lin/biren/biren/biren/data/mm/12month1/12month1.mtx,87.680580,4.128573,69.743263,5.190403,69.365982,5.218633,29.390015,12.316960,
/home/lin/biren/biren/biren/data/mm/a5esindl/a5esindl.mtx,4.032480,1.011800,5.520800,0.739035,5.611328,0.727112,1.771008,2.303809,
/home/lin/biren/biren/biren/data/mm/af23560/af23560.mtx,0.270944,28.596669,0.330880,23.416635,0.332992,23.268113,0.945760,8.192455,
/home/lin/biren/biren/biren/data/mm/ASIC_100k/ASIC_100k.mtx,36.647392,0.416581,51.256096,0.297850,51.182720,0.298277,5.216800,2.926432,
/home/lin/biren/biren/biren/data/mm/ASIC_320k/ASIC_320k.mtx,143.740799,0.293346,198.368484,0.212563,200.598938,0.210200,20.056992,2.102301,
/home/lin/biren/biren/biren/data/mm/ASIC_680k/ASIC_680k.mtx,151.043457,0.410136,208.360229,0.297314,208.744583,0.296766,21.252575,2.914864,
/home/lin/biren/biren/biren/data/mm/as-Skitter/as-Skitter.mtx,64.031906,5.544885,71.167770,4.988909,70.153214,5.061059,82.788002,4.288659,
/home/lin/biren/biren/biren/data/mm/audikw_1/audikw_1.mtx,25.230944,49.242294,53.293182,23.313105,54.277916,22.890148,55.029247,22.577622,
/home/lin/biren/biren/biren/data/mm/barrier2-10/barrier2-10.mtx,4.455456,13.996527,7.074784,8.814532,7.092064,8.793056,6.804288,9.164943,
/home/lin/biren/biren/biren/data/mm/barrier2-11/barrier2-11.mtx,4.453408,14.002963,7.069760,8.820796,7.091744,8.793452,6.802400,9.167487,
/home/lin/biren/biren/biren/data/mm/barrier2-12/barrier2-12.mtx,4.455072,13.997734,7.077376,8.811304,7.092896,8.792023,6.805504,9.163306,
/home/lin/biren/biren/biren/data/mm/barrier2-2/barrier2-2.mtx,4.054592,15.015342,6.287488,9.682895,6.182112,9.847943,6.907424,8.813863,
/home/lin/biren/biren/biren/data/mm/barrier2-3/barrier2-3.mtx,4.052608,15.022693,6.292832,9.674672,6.177248,9.855698,6.904064,8.818152,
/home/lin/biren/biren/biren/data/mm/barrier2-4/barrier2-4.mtx,4.053184,15.020559,6.286688,9.684128,6.181984,9.848147,6.919808,8.798089,
/home/lin/biren/biren/biren/data/mm/barrier2-9/barrier2-9.mtx,4.458880,13.985780,7.068704,8.822114,7.090144,8.795436,6.800928,9.169471,
/home/lin/biren/biren/biren/data/mm/blockqp1/blockqp1.mtx,15.056288,0.680150,21.189535,0.483282,21.002720,0.487581,2.721280,3.763129,
/home/lin/biren/biren/biren/data/mm/bloweya/bloweya.mtx,3.681408,0.651964,5.017888,0.478318,5.089760,0.471563,1.053344,2.278595,
/home/lin/biren/biren/biren/data/mm/bloweybl/bloweybl.mtx,3.729376,0.514831,4.983584,0.385265,5.116064,0.375288,1.021024,1.880465,
/home/lin/biren/biren/biren/data/mm/bone010/bone010.mtx,25.089439,45.702942,50.040001,22.914892,51.076447,22.449902,50.291264,22.800405,
/home/lin/biren/biren/biren/data/mm/boyd1/boyd1.mtx,36.957283,0.524381,55.399040,0.349820,55.311810,0.350372,6.120224,3.166501,
/home/lin/biren/biren/biren/data/mm/boyd2/boyd2.mtx,38.145760,0.629332,53.190941,0.451324,53.461090,0.449043,15.616575,1.537235,
/home/lin/biren/biren/biren/data/mm/brainpc2/brainpc2.mtx,5.262336,0.545446,7.756032,0.370076,7.673760,0.374043,0.992512,2.891975,
/home/lin/biren/biren/biren/data/mm/bundle_adj/bundle_adj.mtx,13.827425,23.383155,17.952351,18.010389,17.952225,18.010515,23.464031,13.779764,
/home/lin/biren/biren/biren/data/mm/c-57/c-57.mtx,4.268896,1.518695,6.102304,1.062411,6.164064,1.051766,1.587584,4.083659,
/home/lin/biren/biren/biren/data/mm/c-64/c-64.mtx,4.072608,2.820172,6.031040,1.904391,5.971968,1.923228,2.138304,5.371292,
/home/lin/biren/biren/biren/data/mm/c-64b/c-64b.mtx,4.075296,2.818312,6.030432,1.904583,5.974432,1.922435,2.128992,5.394786,
/home/lin/biren/biren/biren/data/mm/c-72/c-72.mtx,2.571712,4.402098,3.199520,3.538321,3.213952,3.522432,3.436576,3.294246,
/home/lin/biren/biren/biren/data/mm/c-73/c-73.mtx,15.363904,1.332238,21.118176,0.969231,21.139935,0.968233,4.220128,4.850181,
/home/lin/biren/biren/biren/data/mm/c-73b/c-73b.mtx,15.364352,1.332200,21.141953,0.968141,21.160929,0.967272,4.225984,4.843460,
/home/lin/biren/biren/biren/data/mm/cage15/cage15.mtx,57.172894,27.761282,69.902817,22.705706,70.371040,22.554631,256.843048,6.179621,
/home/lin/biren/biren/biren/data/mm/case39/case39.mtx,8.192064,2.035453,12.560544,1.327535,11.861088,1.405820,2.049152,8.137298,
/home/lin/biren/biren/biren/data/mm/c-big/c-big.mtx,9.719584,3.853681,11.915392,3.143512,11.928032,3.140181,11.669408,3.209775,
/home/lin/biren/biren/biren/data/mm/channel-500x100x100-b050/channel-500x100x100-b050.mtx,53.325695,25.612491,55.317890,24.690094,56.005089,24.387139,143.469849,9.519797,
/home/lin/biren/biren/biren/data/mm/Chebyshev4/Chebyshev4.mtx,28.459774,3.023361,44.243294,1.944796,43.733727,1.967456,7.248608,11.870442,
/home/lin/biren/biren/biren/data/mm/circuit_4/circuit_4.mtx,2.860096,1.720804,3.654336,1.346801,3.719904,1.323062,2.439360,2.017605,
/home/lin/biren/biren/biren/data/mm/circuit5M/circuit5M.mtx,584.200073,1.630244,803.377808,1.185480,809.647583,1.176300,222.653290,4.277452,
/home/lin/biren/biren/biren/data/mm/Cube_Coup_dt6/Cube_Coup_dt6.mtx,45.784386,44.453983,86.543427,23.517653,87.874016,23.161549,98.240990,20.717404,
/home/lin/biren/biren/biren/data/mm/CurlCurl_0/CurlCurl_0.mtx,0.104992,17.272631,0.101344,17.894379,0.099648,18.198940,0.428672,4.230479,
/home/lin/biren/biren/biren/data/mm/CurlCurl_1/CurlCurl_1.mtx,1.808352,21.872475,1.820384,21.727908,1.812032,21.828056,8.546752,4.627856,
/home/lin/biren/biren/biren/data/mm/CurlCurl_2/CurlCurl_2.mtx,7.173664,19.898984,6.840896,20.866949,6.808128,20.967381,30.911169,4.618027,
/home/lin/biren/biren/biren/data/mm/CurlCurl_3/CurlCurl_3.mtx,9.393537,23.070532,9.665408,22.421597,9.726751,22.280192,41.073151,5.276291,
/home/lin/biren/biren/biren/data/mm/CurlCurl_4/CurlCurl_4.mtx,18.726528,22.655234,18.815041,22.548656,18.921633,22.421631,90.388321,4.693680,
/home/lin/biren/biren/biren/data/mm/cz10228/cz10228.mtx,0.102816,16.009337,0.088224,18.657236,0.088736,18.549586,0.388640,4.235323,
/home/lin/biren/biren/biren/data/mm/cz20468/cz20468.mtx,0.173504,19.003689,0.165440,19.929981,0.163552,20.160047,0.759168,4.343197,
/home/lin/biren/biren/biren/data/mm/cz40948/cz40948.mtx,0.330816,19.933643,0.324672,20.310861,0.314976,20.936096,1.490848,4.423233,
/home/lin/biren/biren/biren/data/mm/dbir1/dbir1.mtx,2.836928,6.074317,2.867232,6.010117,2.833152,6.082413,1.371968,12.560351,
/home/lin/biren/biren/biren/data/mm/dbir2/dbir2.mtx,3.573440,5.185632,4.108224,4.510597,4.061056,4.562986,1.376608,13.461017,
/home/lin/biren/biren/biren/data/mm/dc1/dc1.mtx,42.444096,0.288906,60.792706,0.201707,61.074532,0.200777,6.186176,1.982216,
/home/lin/biren/biren/biren/data/mm/dc2/dc2.mtx,42.440319,0.288931,60.791008,0.201713,61.073536,0.200780,6.187712,1.981724,
/home/lin/biren/biren/biren/data/mm/dc3/dc3.mtx,42.442558,0.288916,60.794594,0.201701,61.072865,0.200782,6.180448,1.984053,
/home/lin/biren/biren/biren/data/mm/de2010/de2010.mtx,0.157984,11.753697,0.148288,12.522227,0.147904,12.554737,0.825408,2.249671,
/home/lin/biren/biren/biren/data/mm/degme/degme.mtx,227.160065,0.572462,315.724548,0.411879,318.433411,0.408376,24.456705,5.317170,
/home/lin/biren/biren/biren/data/mm/dielFilterV2clx/dielFilterV2clx.mtx,3803.141846,0.054516,6473.718262,0.032027,5756.510742,0.036017,243.411179,0.851777,
/home/lin/biren/biren/biren/data/mm/dielFilterV3clx/dielFilterV3clx.mtx,4886.621094,0.054527,8327.414062,0.031997,7400.034180,0.036007,300.068359,0.887974,
/home/lin/biren/biren/biren/data/mm/dielFilterV3real/dielFilterV3real.mtx,40.209923,35.535913,68.795296,20.770262,69.380478,20.595078,95.510368,14.960641,
/home/lin/biren/biren/biren/data/mm/email-Enron/email-Enron.mtx,1.130592,5.203108,1.389760,4.232811,1.390208,4.231447,1.442784,4.077250,
/home/lin/biren/biren/biren/data/mm/Emilia_923/Emilia_923.mtx,14.494881,45.263104,29.785025,22.027287,29.715458,22.078855,45.336063,14.471554,
/home/lin/biren/biren/biren/data/mm/ESOC/ESOC.mtx,3.222272,29.891648,3.910496,24.630895,3.928416,24.518540,13.204063,7.294650,
/home/lin/biren/biren/biren/data/mm/EternityII_E/EternityII_E.mtx,21.017759,1.144732,29.355616,0.819595,29.908161,0.804453,2.593216,9.277944,
/home/lin/biren/biren/biren/data/mm/eu-2005/eu-2005.mtx,18.316257,16.802681,21.493855,14.318616,21.606113,14.244220,35.035519,8.784292,
/home/lin/biren/biren/biren/data/mm/ex11/ex11.mtx,0.448000,39.176713,0.818784,21.435649,0.820736,21.384668,1.009184,17.391445,
/home/lin/biren/biren/biren/data/mm/ex19/ex19.mtx,0.143968,28.881862,0.183232,22.692893,0.185216,22.449811,0.573952,7.244620,
/home/lin/biren/biren/biren/data/mm/ex35/ex35.mtx,0.153600,23.771666,0.181088,20.163280,0.178016,20.511236,0.830848,4.394700,
/home/lin/biren/biren/biren/data/mm/F1/F1.mtx,9.708223,44.229906,19.549503,21.964436,19.555712,21.957463,20.130527,21.330480,
/home/lin/biren/biren/biren/data/mm/Fault_639/Fault_639.mtx,10.464895,43.749413,20.899872,21.906021,21.118176,21.679573,35.612511,12.855960,
/home/lin/biren/biren/biren/data/mm/fem_filter/fem_filter.mtx,500.260254,0.055370,854.589355,0.032412,759.643555,0.036464,29.403681,0.942035,
/home/lin/biren/biren/biren/data/mm/fem_hifreq_circuit/fem_hifreq_circuit.mtx,5950.649414,0.054419,10132.960938,0.031958,8999.328125,0.035984,402.426331,0.804688,
/home/lin/biren/biren/biren/data/mm/fl2010/fl2010.mtx,3.295392,11.391879,2.647808,14.178031,2.604000,14.416552,16.118305,2.329073,
/home/lin/biren/biren/biren/data/mm/Flan_1565/Flan_1565.mtx,38.875809,48.320453,82.549698,22.755949,84.080254,22.341711,106.416855,17.652248,
/home/lin/biren/biren/biren/data/mm/flickr/flickr.mtx,38.113918,4.129605,38.663841,4.070869,38.261120,4.113717,24.697025,6.373052,
/home/lin/biren/biren/biren/data/mm/Freescale2/Freescale2.mtx,76.654846,4.809648,78.559807,4.693021,78.798813,4.678787,103.854881,3.549981,
/home/lin/biren/biren/biren/data/mm/FullChip/FullChip.mtx,942.783997,0.451802,1361.949463,0.312752,1363.187622,0.312468,170.137085,2.503580,
/home/lin/biren/biren/biren/data/mm/g7jac040/g7jac040.mtx,0.207104,8.859008,0.192320,9.540016,0.188736,9.721177,0.600960,3.053008,
/home/lin/biren/biren/biren/data/mm/g7jac060/g7jac060.mtx,0.370368,8.783307,0.297536,10.933320,0.300032,10.842364,0.778432,4.178985,
/home/lin/biren/biren/biren/data/mm/g7jac080/g7jac080.mtx,0.462720,10.165145,0.290816,16.173855,0.293120,16.046725,1.053152,4.466227,
/home/lin/biren/biren/biren/data/mm/g7jac100/g7jac100.mtx,0.640352,9.610614,0.420704,14.628281,0.416320,14.782321,1.333696,4.614377,
/home/lin/biren/biren/biren/data/mm/g7jac120/g7jac120.mtx,0.723072,10.517260,0.605440,12.560676,0.617600,12.313367,1.785440,4.259306,
/home/lin/biren/biren/biren/data/mm/g7jac140/g7jac140.mtx,0.902080,10.038241,0.760928,11.900332,0.742240,12.199957,1.916224,4.725594,
/home/lin/biren/biren/biren/data/mm/g7jac160/g7jac160.mtx,1.054112,9.966547,0.844960,12.433554,0.836704,12.556240,2.126880,4.939562,
/home/lin/biren/biren/biren/data/mm/g7jac180/g7jac180.mtx,1.157824,10.326626,0.702656,17.016031,0.700160,17.076692,2.477184,4.826616,
/home/lin/biren/biren/biren/data/mm/g7jac200/g7jac200.mtx,1.323200,10.132237,0.828128,16.189498,0.808992,16.572445,1.703936,7.868239,
/home/lin/biren/biren/biren/data/mm/ga2010/ga2010.mtx,1.683264,13.479107,1.444064,15.711835,1.409280,16.099636,5.542976,4.093270,
/home/lin/biren/biren/biren/data/mm/gemat1/gemat1.mtx,1.760320,0.430549,2.441696,0.310401,2.467392,0.307168,0.274112,2.764943,
/home/lin/biren/biren/biren/data/mm/Geo_1438/Geo_1438.mtx,22.816257,44.288904,46.209183,21.868100,46.577568,21.695144,73.847580,13.683685,
/home/lin/biren/biren/biren/data/mm/graphics/graphics.mtx,0.254336,7.420357,0.136992,13.776453,0.136960,13.779673,0.874656,2.157721,
/home/lin/biren/biren/biren/data/mm/gupta1/gupta1.mtx,6.936032,4.992387,10.828416,3.197823,10.824512,3.198977,2.958976,11.702481,
/home/lin/biren/biren/biren/data/mm/gupta2/gupta2.mtx,8.057024,8.436437,12.559552,5.412022,12.572577,5.406416,5.161792,13.168407,
/home/lin/biren/biren/biren/data/mm/gupta3/gupta3.mtx,8.323744,17.921603,13.398496,11.133700,13.355265,11.169740,5.688992,26.221663,
/home/lin/biren/biren/biren/data/mm/gyro_k/gyro_k.mtx,0.601248,27.174385,0.917152,17.814433,0.904640,18.060824,1.127776,14.487403,
/home/lin/biren/biren/biren/data/mm/hangGlider_4/hangGlider_4.mtx,5.091872,0.469869,7.165888,0.333875,7.207456,0.331950,0.764480,3.129594,
/home/lin/biren/biren/biren/data/mm/hangGlider_5/hangGlider_5.mtx,5.093408,0.487677,7.027168,0.353476,7.141088,0.347837,0.787264,3.155150,
/home/lin/biren/biren/biren/data/mm/hi2010/hi2010.mtx,0.181760,10.926585,0.163520,12.145401,0.161952,12.262992,0.835392,2.377346,
/home/lin/biren/biren/biren/data/mm/hollywood-2009/hollywood-2009.mtx,91.473503,19.921192,121.121597,15.044891,120.207169,15.159339,140.117249,13.005260,
/home/lin/biren/biren/biren/data/mm/hood/hood.mtx,3.715680,46.369704,7.552640,22.812550,7.612576,22.632939,11.289280,15.261822,
/home/lin/biren/biren/biren/data/mm/HTC_336_4438/HTC_336_4438.mtx,4.396096,3.292092,4.919200,2.942013,4.886016,2.961994,7.276480,1.988922,
/home/lin/biren/biren/biren/data/mm/HTC_336_9129/HTC_336_9129.mtx,4.373088,3.232213,4.852320,2.912988,4.825728,2.929040,7.293824,1.937907,
/home/lin/biren/biren/biren/data/mm/human_gene1/human_gene1.mtx,23.831808,16.562499,26.123615,15.109482,25.554815,15.445789,27.735647,14.231299,
/home/lin/biren/biren/biren/data/mm/human_gene2/human_gene2.mtx,15.195392,19.025124,19.044672,15.179795,18.724096,15.439688,19.374336,14.921503,
/home/lin/biren/biren/biren/data/mm/HV15R/HV15R.mtx,97.736450,46.340698,203.673965,22.237380,206.531326,21.929726,203.688934,22.235746,
/home/lin/biren/biren/biren/data/mm/ia2010/ia2010.mtx,1.258848,12.979105,1.035072,15.785103,1.011008,16.160821,6.835073,2.390424,
/home/lin/biren/biren/biren/data/mm/iChem_Jacobian/iChem_Jacobian.mtx,/home/lin/biren/biren/biren/data/mm/id2010/id2010.mtx,1.037216,11.234135,0.879808,13.244052,0.873024,13.346969,5.054272,2.305421,
/home/lin/biren/biren/biren/data/mm/il2010/il2010.mtx,2.400352,14.427644,1.988064,17.419672,1.942752,17.825961,14.701823,2.355587,
/home/lin/biren/biren/biren/data/mm/in-2004/in-2004.mtx,25.406303,10.653767,24.850592,10.892008,24.801537,10.913552,51.703236,5.235124,
/home/lin/biren/biren/biren/data/mm/in2010/in2010.mtx,1.599328,12.822545,1.322112,15.511134,1.304960,15.715007,11.354400,1.806124,
/home/lin/biren/biren/biren/data/mm/inline_1/inline_1.mtx,12.564928,46.881404,25.386015,23.204173,25.850336,22.787382,37.937504,15.527154,
/home/lin/biren/biren/biren/data/mm/ins2/ins2.mtx,115.711082,0.380463,163.637833,0.269032,162.613739,0.270726,15.242113,2.888297,
/home/lin/biren/biren/biren/data/mm/invextr1_new/invextr1_new.mtx,0.734240,39.090892,1.474208,19.469502,1.475232,19.455988,2.245280,12.783303,
/home/lin/biren/biren/biren/data/mm/jan99jac060/jan99jac060.mtx,0.235552,8.638908,0.187712,10.840607,0.184512,11.028617,0.703872,2.891026,
/home/lin/biren/biren/biren/data/mm/jan99jac080/jan99jac080.mtx,0.317568,8.641777,0.236992,11.579935,0.237568,11.551859,1.274848,2.152690,
/home/lin/biren/biren/biren/data/mm/jan99jac100/jan99jac100.mtx,0.378080,9.135082,0.279712,12.347671,0.284896,12.122993,1.165120,2.964323,
/home/lin/biren/biren/biren/data/mm/jan99jac120/jan99jac120.mtx,0.452704,9.196366,0.336064,12.388211,0.332960,12.503700,1.775424,2.344923,
/home/lin/biren/biren/biren/data/mm/k3plates/k3plates.mtx,0.165248,36.689290,0.294048,20.618510,0.297280,20.394348,0.550464,11.014038,
/home/lin/biren/biren/biren/data/mm/karted/karted.mtx,45.632286,0.620736,66.621086,0.425174,67.507744,0.419590,5.252544,5.392736,
/home/lin/biren/biren/biren/data/mm/kim1/kim1.mtx,358.780823,0.041616,486.565369,0.030687,501.813141,0.029754,18.448128,0.809357,
/home/lin/biren/biren/biren/data/mm/kim2/kim2.mtx,3586.321777,0.050548,5670.642090,0.031968,5306.876465,0.034160,223.334671,0.811698,
/home/lin/biren/biren/biren/data/mm/kkt_power/kkt_power.mtx,19.206560,12.173060,15.624448,14.963896,15.508192,15.076071,70.234367,3.328892,
/home/lin/biren/biren/biren/data/mm/kron_g500-logn16/kron_g500-logn16.mtx,25.644897,3.064918,20.617088,3.812347,20.523199,3.829788,9.268928,8.479892,
/home/lin/biren/biren/biren/data/mm/kron_g500-logn17/kron_g500-logn17.mtx,64.501411,2.537212,49.364353,3.315221,48.821022,3.352117,19.961121,8.198626,
/home/lin/biren/biren/biren/data/mm/kron_g500-logn18/kron_g500-logn18.mtx,147.646576,2.293684,114.976357,2.945428,114.838211,2.948971,42.102047,8.043659,
/home/lin/biren/biren/biren/data/mm/kron_g500-logn19/kron_g500-logn19.mtx,316.894226,2.199460,258.466919,2.696656,255.656403,2.726301,86.640190,8.044722,
/home/lin/biren/biren/biren/data/mm/kron_g500-logn20/kron_g500-logn20.mtx,733.600647,1.946338,581.340393,2.456108,575.303345,2.481882,183.520782,7.780235,
/home/lin/biren/biren/biren/data/mm/kron_g500-logn21/kron_g500-logn21.mtx,1722.385498,1.691449,1370.911377,2.125102,1359.878174,2.142344,383.323517,7.600178,
/home/lin/biren/biren/biren/data/mm/ks2010/ks2010.mtx,1.387904,12.932284,1.132256,15.852217,1.105120,16.241466,7.543264,2.379443,
/home/lin/biren/biren/biren/data/mm/ky2010/ky2010.mtx,0.953824,13.214647,0.842176,14.966526,0.829888,15.188132,5.213856,2.417491,
/home/lin/biren/biren/biren/data/mm/la2010/la2010.mtx,1.283776,12.221870,1.196512,13.113236,1.173088,13.375079,8.485216,1.849115,
/home/lin/biren/biren/biren/data/mm/language/language.mtx,6.621696,2.939027,7.882368,2.468972,7.903456,2.462384,12.194624,1.595895,
/home/lin/biren/biren/biren/data/mm/ldoor/ldoor.mtx,16.881824,44.092367,31.611328,23.547242,32.402367,22.972384,50.810688,14.649666,
/home/lin/biren/biren/biren/data/mm/light_in_tissue/light_in_tissue.mtx,117.380089,0.055353,201.235077,0.032287,181.780060,0.035743,7.436896,0.873663,
/home/lin/biren/biren/biren/data/mm/ljournal-2008/ljournal-2008.mtx,127.801247,9.893255,101.510498,12.455562,100.183197,12.620582,246.071609,5.138221,
/home/lin/biren/biren/biren/data/mm/Long_Coup_dt0/Long_Coup_dt0.mtx,29.897247,46.607096,58.534172,23.805306,59.282524,23.504800,68.092125,20.463804,
/home/lin/biren/biren/biren/data/mm/Long_Coup_dt6/Long_Coup_dt6.mtx,29.923553,46.566123,58.575584,23.788476,59.282307,23.504886,68.044159,20.478229,
/home/lin/biren/biren/biren/data/mm/lowThrust_11/lowThrust_11.mtx,2.718272,1.317313,3.927264,0.911784,3.986720,0.898186,0.858784,4.169635,
/home/lin/biren/biren/biren/data/mm/lowThrust_13/lowThrust_13.mtx,2.736512,1.314941,4.048224,0.888872,4.011872,0.896926,0.750144,4.796882,
/home/lin/biren/biren/biren/data/mm/lowThrust_5/lowThrust_5.mtx,2.332448,1.360761,3.318624,0.956392,3.336000,0.951410,0.656768,4.832611,
/home/lin/biren/biren/biren/data/mm/lowThrust_7/lowThrust_7.mtx,2.486528,1.361326,3.593440,0.941988,3.606720,0.938519,0.836384,4.047155,
/home/lin/biren/biren/biren/data/mm/lowThrust_8/lowThrust_8.mtx,2.522528,1.372877,3.674112,0.942573,3.668896,0.943913,0.768864,4.504203,
/home/lin/biren/biren/biren/data/mm/lp1/lp1.mtx,92.654816,0.283792,129.608551,0.202878,129.876099,0.202460,19.490112,1.349131,
/home/lin/biren/biren/biren/data/mm/lp_osa_60/lp_osa_60.mtx,65.544800,0.343722,98.975807,0.227623,98.721786,0.228209,5.125824,4.395229,
/home/lin/biren/biren/biren/data/mm/ma2010/ma2010.mtx,0.957792,12.973339,0.800992,15.512964,0.777216,15.987524,5.294752,2.346807,
/home/lin/biren/biren/biren/data/mm/Maragal_6/Maragal_6.mtx,2.538848,3.388586,3.556704,2.418842,3.516448,2.446533,1.219968,7.051909,
/home/lin/biren/biren/biren/data/mm/Maragal_7/Maragal_7.mtx,13.693855,1.402716,15.265633,1.258290,15.259232,1.258818,2.792096,6.879632,
/home/lin/biren/biren/biren/data/mm/Maragal_8/Maragal_8.mtx,7.107392,2.945474,6.254080,3.347357,6.246304,3.351524,2.567808,8.152728,
/home/lin/biren/biren/biren/data/mm/marine1/marine1.mtx,3.437280,28.983560,4.385664,22.715969,4.373568,22.778794,19.826336,5.024862,
/home/lin/biren/biren/biren/data/mm/mark3jac040/mark3jac040.mtx,0.160000,11.343500,0.140544,12.913821,0.140032,12.961037,0.678208,2.676111,
/home/lin/biren/biren/biren/data/mm/mark3jac040sc/mark3jac040sc.mtx,0.159968,11.345770,0.140608,12.907943,0.139872,12.975864,0.678240,2.675985,
/home/lin/biren/biren/biren/data/mm/mark3jac060sc/mark3jac060sc.mtx,0.210816,12.954994,0.192768,14.167911,0.199008,13.723669,1.009984,2.704122,
/home/lin/biren/biren/biren/data/mm/mark3jac080/mark3jac080.mtx,0.256128,14.240067,0.263232,13.855763,0.261536,13.945613,1.334304,2.733470,
/home/lin/biren/biren/biren/data/mm/mark3jac080sc/mark3jac080sc.mtx,0.257184,14.181598,0.264064,13.812105,0.261792,13.931976,1.326912,2.748698,
/home/lin/biren/biren/biren/data/mm/mark3jac100/mark3jac100.mtx,0.310016,14.720016,0.320288,14.247927,0.318080,14.346831,1.656800,2.754370,
/home/lin/biren/biren/biren/data/mm/mark3jac100sc/mark3jac100sc.mtx,0.310496,14.697258,0.322176,14.164431,0.319040,14.303661,1.655392,2.756713,
/home/lin/biren/biren/biren/data/mm/mark3jac120/mark3jac120.mtx,0.367072,14.927861,0.378336,14.483422,0.377664,14.509193,1.992640,2.749920,
/home/lin/biren/biren/biren/data/mm/mark3jac120sc/mark3jac120sc.mtx,0.368512,14.869529,0.381088,14.378832,0.376416,14.557298,1.984448,2.761272,
/home/lin/biren/biren/biren/data/mm/mark3jac140/mark3jac140.mtx,0.434464,14.721036,0.449408,14.231523,0.443776,14.412136,2.316320,2.761173,
/home/lin/biren/biren/biren/data/mm/mark3jac140sc/mark3jac140sc.mtx,0.435168,14.697221,0.450720,14.190096,0.443552,14.419414,2.319008,2.757972,
/home/lin/biren/biren/biren/data/mm/matrix-new_3/matrix-new_3.mtx,4.763968,8.996702,7.119680,6.019934,7.108352,6.029527,5.580960,7.679682,
/home/lin/biren/biren/biren/data/mm/md2010/md2010.mtx,0.905536,12.375044,0.773824,14.481392,0.760480,14.735492,6.057216,1.850033,
/home/lin/biren/biren/biren/data/mm/me2010/me2010.mtx,0.425120,12.626119,0.368320,14.573241,0.359808,14.918001,1.309952,4.097567,
/home/lin/biren/biren/biren/data/mm/mi2010/mi2010.mtx,1.950080,12.947900,1.622464,15.562404,1.578464,15.996209,13.626495,1.852967,
/home/lin/biren/biren/biren/data/mm/mip1/mip1.mtx,29.015039,5.708939,40.951584,4.044901,41.345535,4.006360,7.448960,22.237346,
/home/lin/biren/biren/biren/data/mm/ML_Geer/ML_Geer.mtx,38.786591,45.739508,74.768158,23.727742,76.417923,23.215490,95.421829,18.591968,
/home/lin/biren/biren/biren/data/mm/ML_Laplace/ML_Laplace.mtx,10.622848,41.706289,19.645855,22.551299,19.664160,22.530307,24.326847,18.211959,
/home/lin/biren/biren/biren/data/mm/mn2010/mn2010.mtx,1.529792,12.834183,1.255680,15.635857,1.228608,15.980387,8.580800,2.288089,
/home/lin/biren/biren/biren/data/mm/mo2010/mo2010.mtx,2.001696,13.241315,1.665600,15.913237,1.627488,16.285889,6.478240,4.091403,
/home/lin/biren/biren/biren/data/mm/mono_500Hz/mono_500Hz.mtx,1453.903687,0.055424,2495.827148,0.032286,2224.517090,0.036224,85.493729,0.942532,
/home/lin/biren/biren/biren/data/mm/mouse_gene/mouse_gene.mtx,30.711329,15.091391,28.410496,16.313572,28.152767,16.462917,37.672256,12.302864,
/home/lin/biren/biren/biren/data/mm/ms2010/ms2010.mtx,0.979648,13.718887,0.837760,16.042399,0.820320,16.383460,5.747872,2.338201,
/home/lin/biren/biren/biren/data/mm/msc10848/msc10848.mtx,0.677472,29.043928,1.230368,15.992327,1.214272,16.204316,1.008736,19.506043,
/home/lin/biren/biren/biren/data/mm/msc23052/msc23052.mtx,0.459488,40.212201,0.853568,21.646811,0.856576,21.570794,1.289120,14.333052,
/home/lin/biren/biren/biren/data/mm/msdoor/msdoor.mtx,6.892447,46.986932,13.878656,23.334749,14.148865,22.889113,20.279232,15.969784,
/home/lin/biren/biren/biren/data/mm/mt2010/mt2010.mtx,0.888768,11.497587,0.731456,13.970339,0.721536,14.162408,5.670176,1.802182,
/home/lin/biren/biren/biren/data/mm/mult_dcop_01/mult_dcop_01.mtx,8.428896,0.366883,11.820224,0.261621,12.195552,0.253569,1.325632,2.332786,
/home/lin/biren/biren/biren/data/mm/mult_dcop_02/mult_dcop_02.mtx,8.429536,0.366855,11.819967,0.261626,12.197280,0.253533,1.333600,2.318848,
/home/lin/biren/biren/biren/data/mm/mult_dcop_03/mult_dcop_03.mtx,8.433536,0.366567,11.804864,0.261880,12.182367,0.253765,1.332160,2.320634,
/home/lin/biren/biren/biren/data/mm/nasasrb/nasasrb.mtx,1.014144,42.239742,2.048352,20.912999,2.059136,20.803476,2.665728,16.069600,
/home/lin/biren/biren/biren/data/mm/nc2010/nc2010.mtx,1.703392,13.306344,1.466304,15.457858,1.439712,15.743370,9.671008,2.343698,
/home/lin/biren/biren/biren/data/mm/nd2010/nd2010.mtx,0.776896,12.891218,0.626016,15.998210,0.609120,16.441975,4.377664,2.287781,
/home/lin/biren/biren/biren/data/mm/ne2010/ne2010.mtx,1.129888,12.940809,0.949184,15.404456,0.926016,15.789861,6.109632,2.393215,
/home/lin/biren/biren/biren/data/mm/net4-1/net4-1.mtx,2.982976,13.096865,4.355520,8.969683,4.382048,8.915382,5.220224,7.483900,
/home/lin/biren/biren/biren/data/mm/nh2010/nh2010.mtx,0.298688,12.564281,0.267488,14.029788,0.263200,14.258359,1.591168,2.358519,
/home/lin/biren/biren/biren/data/mm/nj2010/nj2010.mtx,0.995168,13.343065,0.771296,17.215949,0.763584,17.389824,5.636096,2.355991,
/home/lin/biren/biren/biren/data/mm/nlpkkt120/nlpkkt120.mtx,45.732994,33.882161,65.533600,23.644858,66.432388,23.324958,164.803452,9.402307,
/home/lin/biren/biren/biren/data/mm/nm2010/nm2010.mtx,1.160512,11.456599,0.906432,14.667973,0.895072,14.854135,5.681152,2.340286,
/home/lin/biren/biren/biren/data/mm/nmos3/nmos3.mtx,0.193600,31.949918,0.295648,20.921852,0.296288,20.876662,0.903584,6.845522,
/home/lin/biren/biren/biren/data/mm/N_pid/N_pid.mtx,File /home/lin/biren/biren/biren/data/mm/N_pid/N_pid.mtx not found/home/lin/biren/biren/biren/data/mm/nsct/nsct.mtx,1.104160,10.110679,1.228160,9.089864,1.220128,9.149703,1.138208,9.808232,
/home/lin/biren/biren/biren/data/mm/nv2010/nv2010.mtx,0.592032,11.269607,0.498016,13.397095,0.495904,13.454152,2.894176,2.305308,
/home/lin/biren/biren/biren/data/mm/ny2010/ny2010.mtx,2.059776,13.279457,1.695584,16.131731,1.653408,16.543227,11.637568,2.350380,
/home/lin/biren/biren/biren/data/mm/offshore/offshore.mtx,1.911456,35.513646,3.137472,21.636136,3.120160,21.756183,7.790944,8.713035,
/home/lin/biren/biren/biren/data/mm/oh2010/oh2010.mtx,2.133088,13.263326,1.755296,16.117988,1.710496,16.540139,15.204640,1.860737,
/home/lin/biren/biren/biren/data/mm/ohne2/ohne2.mtx,5.691712,31.100784,10.532544,16.806644,10.431072,16.970137,14.075168,12.576527,
/home/lin/biren/biren/biren/data/mm/oilpan/oilpan.mtx,1.298272,44.332010,2.500384,23.018469,2.543040,22.632364,3.448032,16.692133,
/home/lin/biren/biren/biren/data/mm/ok2010/ok2010.mtx,1.661792,12.267701,1.324960,15.386403,1.311488,15.544457,11.502687,1.772313,
/home/lin/biren/biren/biren/data/mm/olafu/olafu.mtx,0.355936,45.633194,0.760992,21.343846,0.770368,21.084075,0.981440,16.549659,
/home/lin/biren/biren/biren/data/mm/OPF_10000/OPF_10000.mtx,0.312896,23.916497,0.377472,19.824984,0.380352,19.674870,0.864032,8.660994,
/home/lin/biren/biren/biren/data/mm/OPF_6000/OPF_6000.mtx,0.238016,20.329254,0.228608,21.165875,0.228640,21.162911,1.323008,3.657339,
/home/lin/biren/biren/biren/data/mm/or2010/or2010.mtx,1.241856,12.619975,1.037600,15.104271,1.020864,15.351890,3.759968,4.168171,
/home/lin/biren/biren/biren/data/mm/pa2010/pa2010.mtx,2.543392,12.949397,2.103392,15.658227,2.082208,15.817531,13.960768,2.359139,
/home/lin/biren/biren/biren/data/mm/para-10/para-10.mtx,4.548320,19.053570,7.217408,12.007320,7.248544,11.955742,9.163649,9.457120,
/home/lin/biren/biren/biren/data/mm/para-4/para-4.mtx,4.141216,20.578413,6.454496,13.203145,6.448545,13.215331,8.981952,9.487876,
/home/lin/biren/biren/biren/data/mm/para-5/para-5.mtx,4.542272,19.078938,7.223904,11.996523,7.246560,11.959016,9.169632,9.450949,
/home/lin/biren/biren/biren/data/mm/para-6/para-6.mtx,4.544448,19.069803,7.214432,12.012274,7.247008,11.958277,9.163775,9.456989,
/home/lin/biren/biren/biren/data/mm/para-7/para-7.mtx,4.541184,19.083510,7.225120,11.994504,7.244448,11.962502,9.167744,9.452896,
/home/lin/biren/biren/biren/data/mm/para-8/para-8.mtx,4.540768,19.085257,7.231424,11.984048,7.244960,11.961657,9.153920,9.467171,
/home/lin/biren/biren/biren/data/mm/para-9/para-9.mtx,4.544000,19.071684,7.222336,11.999127,7.242560,11.965621,9.164289,9.456460,
/home/lin/biren/biren/biren/data/mm/pattern1/pattern1.mtx,6.318304,23.609961,10.774880,13.844693,10.736959,13.893590,13.812192,10.800234,
/home/lin/biren/biren/biren/data/mm/PFlow_742/PFlow_742.mtx,14.567680,40.789979,28.300350,20.996750,28.991070,20.496497,41.720448,14.242785,
/home/lin/biren/biren/biren/data/mm/pkustk12/pkustk12.mtx,6.376256,18.850729,11.398561,10.544934,11.074368,10.853628,7.097440,16.935271,
/home/lin/biren/biren/biren/data/mm/poli/poli.mtx,0.050144,2.612636,0.052096,2.514742,0.050592,2.589500,0.141760,0.924153,
/home/lin/biren/biren/biren/data/mm/PR02R/PR02R.mtx,3.297600,39.714388,6.613856,19.801184,6.645185,19.707831,5.520640,23.722280,
/home/lin/biren/biren/biren/data/mm/pre2/pre2.mtx,16.137695,5.908434,14.148480,6.739134,14.059392,6.781838,26.620447,3.581777,
/home/lin/biren/biren/biren/data/mm/pwtk/pwtk.mtx,4.449888,41.832692,8.669792,21.471193,8.641952,21.540364,12.519840,14.868463,
/home/lin/biren/biren/biren/data/mm/raefsky4/raefsky4.mtx,0.519840,40.892921,0.983456,21.615381,0.993184,21.403664,1.280512,16.600996,
/home/lin/biren/biren/biren/data/mm/Raj1/Raj1.mtx,16.317760,1.277101,22.135584,0.941445,22.171137,0.939935,10.478080,1.988859,
/home/lin/biren/biren/biren/data/mm/rajat16/rajat16.mtx,11.019008,0.930986,14.997215,0.684030,15.126369,0.678189,3.151968,3.254647,
/home/lin/biren/biren/biren/data/mm/rajat17/rajat17.mtx,11.017920,0.931078,14.980161,0.684809,15.133728,0.677860,3.158944,3.247460,
/home/lin/biren/biren/biren/data/mm/rajat18/rajat18.mtx,10.769920,0.720738,14.591329,0.531980,14.753920,0.526117,2.896000,2.680348,
/home/lin/biren/biren/biren/data/mm/rajat20/rajat20.mtx,11.232161,0.861875,15.589727,0.620968,15.606624,0.620296,3.075744,3.147440,
/home/lin/biren/biren/biren/data/mm/rajat21/rajat21.mtx,44.698048,0.677746,60.621376,0.499723,61.224415,0.494801,14.412096,2.101979,
/home/lin/biren/biren/biren/data/mm/rajat22/rajat22.mtx,1.851328,1.704843,2.530432,1.247306,2.575392,1.225531,1.276672,2.472228,
/home/lin/biren/biren/biren/data/mm/rajat23/rajat23.mtx,2.656480,3.354442,3.312736,2.689924,3.306784,2.694766,3.554176,2.507194,
/home/lin/biren/biren/biren/data/mm/rajat24/rajat24.mtx,42.283165,0.737214,58.304420,0.534638,58.434528,0.533448,11.998880,2.597889,
/home/lin/biren/biren/biren/data/mm/rajat25/rajat25.mtx,11.404416,0.851930,15.917952,0.610365,15.922304,0.610198,2.812384,3.454635,
/home/lin/biren/biren/biren/data/mm/rajat26/rajat26.mtx,2.102080,1.897564,2.735840,1.457992,2.776320,1.436734,1.469664,2.714112,
/home/lin/biren/biren/biren/data/mm/rajat28/rajat28.mtx,11.404128,0.851951,15.923777,0.610142,15.923167,0.610165,2.807968,3.460068,
/home/lin/biren/biren/biren/data/mm/rajat29/rajat29.mtx,189.066467,0.411815,273.629456,0.284547,274.024597,0.284136,29.777760,2.614714,
/home/lin/biren/biren/biren/data/mm/rajat30/rajat30.mtx,188.946243,0.522932,270.736084,0.364953,272.767212,0.362236,31.457855,3.140902,
/home/lin/biren/biren/biren/data/mm/RFdevice/RFdevice.mtx,/home/lin/biren/biren/biren/data/mm/ri2010/ri2010.mtx,0.161760,12.438180,0.147712,13.621100,0.144480,13.925802,1.075264,1.871168,
/home/lin/biren/biren/biren/data/mm/RM07R/RM07R.mtx,15.933632,37.621014,25.937922,23.110541,26.078592,22.985880,30.841089,19.436388,
/home/lin/biren/biren/biren/data/mm/rma10/rma10.mtx,0.958848,39.614220,1.782912,21.304481,1.788000,21.243858,2.586688,14.684421,
/home/lin/biren/biren/biren/data/mm/sc2010/sc2010.mtx,1.078112,13.255172,0.920512,15.524577,0.897504,15.922558,6.089888,2.346605,
/home/lin/biren/biren/biren/data/mm/sd2010/sd2010.mtx,0.540864,12.150101,0.448256,14.660265,0.445248,14.759308,2.797056,2.349453,
/home/lin/biren/biren/biren/data/mm/Serena/Serena.mtx,22.549856,45.787752,46.113632,22.390499,46.351871,22.275416,73.307388,14.084627,
/home/lin/biren/biren/biren/data/mm/shallow_water1/shallow_water1.mtx,0.581632,9.014084,0.304032,17.244501,0.310528,16.883760,2.491008,2.104722,
/home/lin/biren/biren/biren/data/mm/shallow_water2/shallow_water2.mtx,0.582080,9.007147,0.304448,17.220937,0.310688,16.875065,2.494080,2.102130,
/home/lin/biren/biren/biren/data/mm/shermanACb/shermanACb.mtx,5.296768,0.438453,5.470816,0.424504,5.576928,0.416427,0.603360,3.849085,
/home/lin/biren/biren/biren/data/mm/ship_001/ship_001.mtx,1.676736,44.316860,3.446752,21.558754,3.451200,21.530969,3.349952,22.181715,
/home/lin/biren/biren/biren/data/mm/ship_003/ship_003.mtx,2.650656,48.809255,5.874048,22.025109,5.884992,21.984151,7.472704,17.313216,
/home/lin/biren/biren/biren/data/mm/shipsec1/shipsec1.mtx,2.820480,44.323828,5.298368,23.594900,5.354336,23.348265,7.886336,15.852034,
/home/lin/biren/biren/biren/data/mm/shipsec5/shipsec5.mtx,3.676192,44.015529,7.105920,22.771089,7.167872,22.574278,10.640161,15.207434,
/home/lin/biren/biren/biren/data/mm/shipsec8/shipsec8.mtx,2.350208,45.295728,4.760896,22.360159,4.760096,22.363915,6.287520,16.931061,
/home/lin/biren/biren/biren/data/mm/sinc15/sinc15.mtx,0.243136,37.412871,0.435744,20.875597,0.430752,21.117526,0.848960,10.714775,
/home/lin/biren/biren/biren/data/mm/sinc18/sinc18.mtx,0.413504,37.680934,0.725792,21.467881,0.727072,21.430087,1.414752,11.013390,
/home/lin/biren/biren/biren/data/mm/smt/smt.mtx,1.442432,41.631732,2.824928,21.257513,2.826912,21.242595,3.065472,19.589460,
/home/lin/biren/biren/biren/data/mm/soc-LiveJournal1/soc-LiveJournal1.mtx,108.656662,10.159528,106.456833,10.369465,104.980896,10.515250,217.365631,5.078541,
/home/lin/biren/biren/biren/data/mm/spal_004/spal_004.mtx,15.809759,46.723671,35.774559,20.648472,35.845184,20.607789,26.343359,28.040843,
/home/lin/biren/biren/biren/data/mm/sparsine/sparsine.mtx,0.709888,34.912280,1.265472,19.584635,1.251456,19.803978,2.865760,8.648249,
/home/lin/biren/biren/biren/data/mm/Stanford/Stanford.mtx,34.742847,1.064966,41.392799,0.893874,41.799232,0.885183,9.163808,4.037618,
/home/lin/biren/biren/biren/data/mm/Stanford_Berkeley/Stanford_Berkeley.mtx,75.090851,1.615830,94.734238,1.280783,95.466911,1.270954,26.107840,4.647417,
/home/lin/biren/biren/biren/data/mm/std1_Jac2_db/std1_Jac2_db.mtx,0.529888,15.060419,0.597792,13.349686,0.597568,13.354692,1.145120,6.968996,
/home/lin/biren/biren/biren/data/mm/std1_Jac3_db/std1_Jac3_db.mtx,0.529312,16.075993,0.633568,13.430628,0.625440,13.605168,1.205088,7.061074,
/home/lin/biren/biren/biren/data/mm/StocF-1465/StocF-1465.mtx,13.299487,25.270615,16.722849,20.097426,16.860544,19.933296,62.625153,5.366633,
/home/lin/biren/biren/biren/data/mm/ted_AB/ted_AB.mtx,/home/lin/biren/biren/biren/data/mm/ted_AB_unscaled/ted_AB_unscaled.mtx,/home/lin/biren/biren/biren/data/mm/ted_A_unscaled/ted_A_unscaled.mtx,0.287712,23.611778,0.340704,19.939277,0.343168,19.796112,0.563904,12.047072,
/home/lin/biren/biren/biren/data/mm/thermomech_dK/thermomech_dK.mtx,1.600320,28.456587,1.688000,26.978465,1.678880,27.125017,7.616224,5.979295,
/home/lin/biren/biren/biren/data/mm/thread/thread.mtx,1.644832,43.482111,3.318016,21.555281,3.329568,21.480494,3.157664,22.649899,
/home/lin/biren/biren/biren/data/mm/tn2010/tn2010.mtx,1.366528,13.979557,1.161568,16.446267,1.130944,16.891602,8.046464,2.374143,
/home/lin/biren/biren/biren/data/mm/torso1/torso1.mtx,18.461088,7.381147,15.957151,8.539369,15.573664,8.749643,10.708704,12.724602,
/home/lin/biren/biren/biren/data/mm/tp-6/tp-6.mtx,362.256836,0.509580,510.392883,0.361680,508.431458,0.363075,34.975903,5.277882,
/home/lin/biren/biren/biren/data/mm/trans4/trans4.mtx,42.447392,0.288883,60.795551,0.201698,61.073631,0.200780,6.185536,1.982421,
/home/lin/biren/biren/biren/data/mm/trans5/trans5.mtx,42.438366,0.288945,60.791229,0.201712,61.076031,0.200772,6.174560,1.985945,
/home/lin/biren/biren/biren/data/mm/transient/transient.mtx,22.307648,0.689837,30.605921,0.502799,30.898849,0.498033,6.235264,2.468001,
/home/lin/biren/biren/biren/data/mm/TSOPF_FS_b162_c1/TSOPF_FS_b162_c1.mtx,2.150752,4.527086,3.157920,3.083245,3.096064,3.144844,0.726784,13.396883,
/home/lin/biren/biren/biren/data/mm/TSOPF_FS_b162_c3/TSOPF_FS_b162_c3.mtx,6.682016,4.313189,10.005888,2.880384,9.895744,2.912444,2.359616,12.214191,
/home/lin/biren/biren/biren/data/mm/TSOPF_FS_b162_c4/TSOPF_FS_b162_c4.mtx,8.779425,4.370619,13.449312,2.853047,13.288416,2.887592,2.797760,13.715086,
/home/lin/biren/biren/biren/data/mm/TSOPF_FS_b300/TSOPF_FS_b300.mtx,6.722304,10.472890,10.316224,6.824391,10.472704,6.722424,3.407488,20.660955,
/home/lin/biren/biren/biren/data/mm/TSOPF_FS_b300_c1/TSOPF_FS_b300_c1.mtx,6.721184,10.474636,10.311296,6.827653,10.469920,6.724211,3.379904,20.829570,
/home/lin/biren/biren/biren/data/mm/TSOPF_FS_b300_c2/TSOPF_FS_b300_c2.mtx,14.889153,9.421588,23.435104,5.985869,23.581568,5.948691,6.601760,21.248797,
/home/lin/biren/biren/biren/data/mm/TSOPF_FS_b300_c3/TSOPF_FS_b300_c3.mtx,23.229055,9.047931,35.344704,5.946432,34.928993,6.017204,12.323456,17.054865,
/home/lin/biren/biren/biren/data/mm/TSOPF_FS_b39_c19/TSOPF_FS_b39_c19.mtx,15.370303,2.058619,24.030432,1.316730,22.776577,1.389217,4.086816,7.742360,
/home/lin/biren/biren/biren/data/mm/TSOPF_FS_b39_c30/TSOPF_FS_b39_c30.mtx,24.550592,2.034108,37.510399,1.331326,35.602592,1.402666,6.482336,7.703791,
/home/lin/biren/biren/biren/data/mm/TSOPF_FS_b39_c7/TSOPF_FS_b39_c7.mtx,5.721280,2.041725,8.861024,1.318277,8.395807,1.391323,1.536288,7.603574,
/home/lin/biren/biren/biren/data/mm/ts-palko/ts-palko.mtx,16.307072,1.056624,23.827551,0.723131,24.172832,0.712802,2.629952,6.551621,
/home/lin/biren/biren/biren/data/mm/tx2010/tx2010.mtx,6.440608,11.070438,5.191200,13.734850,5.139392,13.873305,29.223362,2.439841,
/home/lin/biren/biren/biren/data/mm/ut2010/ut2010.mtx,0.776480,11.787883,0.687744,13.308812,0.669408,13.673360,2.221504,4.120207,
/home/lin/biren/biren/biren/data/mm/va2010/va2010.mtx,1.735840,12.924029,1.477760,15.181117,1.445248,15.522629,9.664865,2.321196,
/home/lin/biren/biren/biren/data/mm/vanbody/vanbody.mtx,0.920128,40.636051,1.782400,20.977542,1.770176,21.122402,2.725632,13.718053,
/home/lin/biren/biren/biren/data/mm/vfem/vfem.mtx,414.400299,0.055391,710.981018,0.032285,633.694519,0.036223,25.201023,0.910843,
/home/lin/biren/biren/biren/data/mm/vibrobox/vibrobox.mtx,0.228864,23.967282,0.307552,17.835188,0.309408,17.728203,0.661280,8.294894,
/home/lin/biren/biren/biren/data/mm/viscorocks/viscorocks.mtx,0.509824,36.475146,0.791872,23.483473,0.801664,23.196631,1.574944,11.807343,
/home/lin/biren/biren/biren/data/mm/vsp_model1_crew1_cr42_south31/vsp_model1_crew1_cr42_south31.mtx,6.892256,0.882038,9.868928,0.615997,9.834976,0.618124,1.341568,4.531438,
/home/lin/biren/biren/biren/data/mm/vsp_south31_slptsk/vsp_south31_slptsk.mtx,6.949056,0.874543,9.774817,0.621725,9.840832,0.617554,1.870048,3.249782,
/home/lin/biren/biren/biren/data/mm/vt2010/vt2010.mtx,0.204448,12.177022,0.181920,13.684960,0.176896,14.073625,1.109760,2.243339,
/home/lin/biren/biren/biren/data/mm/wa2010/wa2010.mtx,1.138048,13.320100,0.966176,15.689596,0.945056,16.040227,6.259680,2.421675,
/home/lin/biren/biren/biren/data/mm/water_tank/water_tank.mtx,0.885344,36.781742,1.459904,22.305917,1.488128,21.882860,3.178688,10.244634,
/home/lin/biren/biren/biren/data/mm/waveguide3D/waveguide3D.mtx,109.532608,0.044329,154.050400,0.031519,157.715652,0.030786,6.131296,0.791919,
/home/lin/biren/biren/biren/data/mm/wi2010/wi2010.mtx,1.512352,12.794947,1.257120,15.392694,1.241792,15.582694,8.020480,2.412632,
/home/lin/biren/biren/biren/data/mm/wikipedia-20061104/wikipedia-20061104.mtx,116.459579,5.410734,110.390625,5.708200,108.984474,5.781849,135.905670,4.636538,
/home/lin/biren/biren/biren/data/mm/wiki-Talk/wiki-Talk.mtx,73.836960,1.088108,79.411743,1.011721,79.953476,1.004866,75.048737,1.070538,
/home/lin/biren/biren/biren/data/mm/wv2010/wv2010.mtx,/home/lin/biren/biren/biren/data/mm/wy2010/wy2010.mtx,/home/lin/biren/biren/biren/data/mm/xenon1/xenon1.mtx,/home/lin/biren/biren/biren/data/mm/xenon2/xenon2.mtx,/home/lin/biren/biren/biren/data/mm/Zd_Jac2_db/Zd_Jac2_db.mtx,/home/lin/biren/biren/biren/data/mm/Zd_Jac3_db/Zd_Jac3_db.mtx,/home/lin/biren/biren/biren/data/mm/Zd_Jac6_db/Zd_Jac6_db.mtx,